Description-ZH,Description-EN,Topic
,,
"0:[('政府', 0.006457981507659149),","[('government', 0.006457981507659149),",Education policy
,,
"  ('問題', 0.005493533299919629),","    ('problem', 0.005493533299919629),",
,,
"  ('教育', 0.005467467569891376),","    ('education', 0.005467467569891376),",
,,
"  ('社會', 0.005465901336923272),","    ('society', 0.005465901336923272),",
,,
"  ('機關', 0.005167552060283417),","    ('institution', 0.005167552060283417),",
,,
"  ('使用', 0.004873000470419362),","    ('use', 0.004873000470419362),",
,,
"  ('國家', 0.0047528965868463835),","    ('country', 0.0047528965868463835),",
,,
"  ('管理', 0.0046938566021575605),","    ('management', 0.0046938566021575605),",
,,
"  ('相關', 0.004670156150272138),","    ('related', 0.004670156150272138),",
,,
"  ('工作', 0.004641525514971337),","    ('work', 0.004641525514971337),",
,,
"  ('方式', 0.0046205291909804744),","    ('method', 0.0046205291909804744),",
,,
"  ('規定', 0.004619907231003315),","    ('regulation', 0.004619907231003315),",
,,
"  ('政策', 0.004593672024694263),","    ('policy', 0.004593672024694263),",
,,
"  ('人民', 0.0045311613009044105),","    ('people', 0.0045311613009044105),",
,,
"  ('造成', 0.004495771090779489),","    ('establish', 0.004495771090779489),",
,,
"  ('安全', 0.0043089015025953225),","    ('security', 0.0043089015025953225),",
,,
"  ('交通', 0.004265248864050316),","    ('traffic', 0.004265248864050316),",
,,
"  ('無法', 0.0041327148413728655),","    ('unable', 0.0041327148413728655),",
,,
"  ('學生', 0.0040994996483202885),","    ('student', 0.0040994996483202885),",
,,
"  ('提供', 0.003995549427150406)],","    ('provide', 0.003995549427150406)],",
,,
,,
,,
" 1: [('勞工', 0.04584015371127164),","[('wabor', 0.04584015371127164),","Employment, Social security"
,,
"  ('休假', 0.028096762927382567),","    ('vacation', 0.028096762927382567),",
,,
"  ('加班', 0.0246741600453515),","    ('overtime work', 0.0246741600453515),",
,,
"  ('勞基法', 0.024554522408285224),","    ('Labor Standards Act', 0.024554522408285224),",
,,
"  ('雇主', 0.021824381990513834),","    ('employer', 0.021824381990513834),",
,,
"  ('工作', 0.021450656539771507),","    ('work', 0.021450656539771507),",
,,
"  ('薪資', 0.018031404903777085),","    ('salary', 0.018031404903777085),",
,,
"  ('派遣', 0.01516729895493054),","    ('dispatch', 0.01516729895493054),",
,,
"  ('放假', 0.013130848841788468),","    ('vacation', 0.013130848841788468),",
,,
"  ('假日', 0.013072148546450911),","    ('holiday', 0.013072148546450911),",
,,
"  ('上班', 0.012838100184410044),","    ('go to work', 0.012838100184410044),",
,,
"  ('休息', 0.0127659391537541),","    ('rest', 0.0127659391537541),",
,,
"  ('勞動', 0.01103161033634435),","    ('work', 0.01103161033634435),",
,,
"  ('勞資', 0.00956635853724681),","    ('labor force', 0.00956635853724681),",
,,
"  ('保障', 0.00906684079217224),","    ('guarantee', 0.00906684079217224),",
,,
"  ('調整', 0.008995131810222844),","    ('adjustment', 0.008995131810222844),",
,,
"  ('薪水', 0.008753618011170793),","    ('salary', 0.008753618011170793),",
,,
"  ('特休', 0.008722815883443709),","    ('special holiday', 0.008722815883443709),",
,,
"  ('補休', 0.008678876346002663),","    ('extra holiday', 0.008678876346002663),",
,,
"  ('規定', 0.008619285711201215)],","    ('regulation', 0.008619285711201215)],",
,,
,,
,,
" 2: [('機場', 0.0628744708637727),","[('airport', 0.0628744708637727),","Air transport, Road transport"
,,
"  ('桃園', 0.019915473170934003),","    ('Taoyuan (city)', 0.019915473170934003),",
,,
"  ('風假', 0.01868121121913329),","    ('vacation due to the typhoon', 0.01868121121913329),",
,,
"  ('權人', 0.015086961648136934),","    ('powerful person', 0.015086961648136934),",
,,
"  ('高速公路', 0.015010845764967954),","    ('highway', 0.015010845764967954),",
,,
"  ('避免', 0.012855913473924653),","    ('avoid', 0.012855913473924653),",
,,
"  ('航線', 0.012429367807255199),","    ('airline', 0.012429367807255199),",
,,
"  ('高雄', 0.012406221112358853),","    ('Kaohsiung (city)', 0.012406221112358853),",
,,
"  ('國道', 0.010764616791269388),","    ('national highway', 0.010764616791269388),",
,,
"  ('上班', 0.010450476618972424),","    ('go to work', 0.010450476618972424),",
,,
"  ('指標', 0.01037020694451819),","    ('sign on the road', 0.01037020694451819),",
,,
"  ('減少', 0.010239360296057489),","    ('reduce', 0.010239360296057489),",
,,
"  ('防疫', 0.009744626571410247),","    ('antiepidemic', 0.009744626571410247),",
,,
"  ('轉區', 0.009388698918168969),","    ('transfer zone', 0.009388698918168969),",
,,
"  ('拿藥', 0.009329264784918148),","    ('take a medicine', 0.009329264784918148),",
,,
"  ('航班', 0.008978309338468228),","    ('flight', 0.008978309338468228),",
,,
"  ('方便', 0.008868138009432097),","    ('convenient', 0.008868138009432097),",
,,
"  ('國際', 0.008716076189523124),","    ('international', 0.008716076189523124),",
,,
"  ('空勤', 0.008582209929159226),","    ('aircrew', 0.008582209929159226),",
,,
"  ('改善', 0.008317369783745964)],","    ('improve', 0.008317369783745964)],",
,,
,,
,,
" 3: [('發電', 0.05796612928981023),","[('produce electricity', 0.05796612928981023),","Alternative energy, Nuclear energy"
,,
"  ('電力', 0.025623104095156064),","    ('electricity', 0.025623104095156064),",
,,
"  ('太陽能', 0.025589883723240482),","    ('solar energy', 0.025589883723240482),",
,,
"  ('電動車', 0.024814966673013274),","    ('electric car', 0.024814966673013274),",
,,
"  ('充電', 0.02261376190858258),","    ('charging', 0.02261376190858258),",
,,
"  ('能源', 0.020032348312916507),","    ('energy sources', 0.020032348312916507),",
,,
"  ('電費', 0.019573170591848266),","    ('electricity tariff', 0.019573170591848266),",
,,
"  ('綠能', 0.017282808614640013),","    ('green energy', 0.017282808614640013),",
,,
"  ('發電廠', 0.017080133476173775),","    ('power plant', 0.017080133476173775),",
,,
"  ('核能', 0.016501470467301358),","    ('nuclear energy', 0.016501470467301358),",
,,
"  ('政府', 0.015734682416601406),","    ('government', 0.015734682416601406),",
,,
"  ('電價', 0.01472567780377313),","    ('electricity tariff', 0.01472567780377313),",
,,
"  ('用電', 0.013950642129890332),","    ('use electricity', 0.013950642129890332),",
,,
"  ('未來', 0.013670659068989812),","    ('future', 0.013670659068989812),",
,,
"  ('使用', 0.013447615367655293),","    ('use', 0.013447615367655293),",
,,
"  ('發展', 0.013145158184637306),","    ('development', 0.013145158184637306),",
,,
"  ('插座', 0.012434679507838622),","    ('socket', 0.012434679507838622),",
,,
"  ('燃煤', 0.011625535108241943),","    ('coal-fired', 0.011625535108241943),",
,,
"  ('節能', 0.011305179591020603),","    ('energy saving', 0.011305179591020603),",
,,
"  ('燃料', 0.010666670874685563)],","    ('fuel', 0.010666670874685563)],",
,,
,,
,,
" 4: [('學生', 0.061633464987441586),","[('student', 0.061633464987441586),","Education policy, Universities"
,,
"  ('考試', 0.03549847824026793),","    ('exam', 0.03549847824026793),",
,,
"  ('學習', 0.022520995490860774),","    ('learning', 0.022520995490860774),",
,,
"  ('科目', 0.020701955478828304),","    ('subject', 0.020701955478828304),",
,,
"  ('課程', 0.01842041456982736),","    ('course', 0.01842041456982736),",
,,
"  ('入學', 0.017610887532263822),","    ('admission', 0.017610887532263822),",
,,
"  ('學測', 0.017119330485967067),","    ('exams', 0.017119330485967067),",
,,
"  ('考生', 0.0160063115913421),","    ('candidate', 0.0160063115913421),",
,,
"  ('採計', 0.014779097133714907),","    ('assessment', 0.014779097133714907),",
,,
"  ('教育部', 0.014762574395178927),","    ('ministry of education', 0.014762574395178927),",
,,
"  ('課業', 0.014551192355765548),","    ('classes', 0.014551192355765548),",
,,
"  ('制度', 0.014222445064609346),","    ('system', 0.014222445064609346),",
,,
"  ('會考', 0.013448910383272748),","    ('final exams', 0.013448910383272748),",
,,
"  ('課本', 0.012368513502400716),","    ('textbook', 0.012368513502400716),",
,,
"  ('指考', 0.011954587007353554),","    ('advanced subjects test', 0.011954587007353554),",
,,
"  ('壓力', 0.011115145842883149),","    ('pressure', 0.011115145842883149),",
,,
"  ('教授', 0.010810529002437176),","    ('professor', 0.010810529002437176),",
,,
"  ('實施', 0.010764520880862083),","    ('implementation', 0.010764520880862083),",
,,
"  ('節課', 0.010242005399259752),","    ('sessions', 0.010242005399259752),",
,,
"  ('進度', 0.010233063117398807)],","    ('progress', 0.010233063117398807)],",
,,
,,
,,
" 5: [('醫療', 0.06304574390717814),","[('medicate', 0.06304574390717814),","Health, Social security"
,,
"  ('健保', 0.02880072633623383),","    ('health insurance', 0.02880072633623383),",
,,
"  ('病患', 0.025348147102803052),","    ('patient', 0.025348147102803052),",
,,
"  ('醫院', 0.024372162196543954),","    ('hospital', 0.024372162196543954),",
,,
"  ('醫師', 0.022606782217001114),","    ('doctor', 0.022606782217001114),",
,,
"  ('捐血', 0.016141212380533843),","    ('donate blood', 0.016141212380533843),",
,,
"  ('患者', 0.015470775472314787),","    ('patient', 0.015470775472314787),",
,,
"  ('醫生', 0.015127210774057225),","    ('doctor', 0.015127210774057225),",
,,
"  ('救護', 0.014366233105712688),","    ('medical care', 0.014366233105712688),",
,,
"  ('流感', 0.014299897117160738),","    ('Influenza', 0.014299897117160738),",
,,
"  ('治療', 0.01425032066425543),","    ('treatment', 0.01425032066425543),",
,,
"  ('救護車', 0.013760881969023748),","    ('ambulance', 0.013760881969023748),",
,,
"  ('病人', 0.012963520856868993),","    ('patient', 0.012963520856868993),",
,,
"  ('保險', 0.012071906232948423),","    ('insurance', 0.012071906232948423),",
,,
"  ('中心', 0.01125723260928979),","    ('center', 0.01125723260928979),",
,,
"  ('安樂死', 0.009784140132794189),","    ('euthanasia', 0.009784140132794189),",
,,
"  ('就醫', 0.009241704098647847),","    ('see the doctor', 0.009241704098647847),",
,,
"  ('藥品', 0.009194305884756561),","    ('medicine', 0.009194305884756561),",
,,
"  ('疤痕', 0.009090117131752366),","    ('scar', 0.009090117131752366),",
,,
"  ('全民', 0.009076165350429245)],","    ('all people', 0.009076165350429245)],",
,,
,,
,,
" 6: [('選舉', 0.12042691889326129),","[('election', 0.12042691889326129),","Political system, Citizen's rights"
,,
"  ('投票', 0.07848537491600359),","    ('vote', 0.07848537491600359),",
,,
"  ('選人', 0.04284083876531264),","    ('candidate', 0.04284083876531264),",
,,
"  ('政黨', 0.041775723995580494),","    ('party', 0.041775723995580494),",
,,
"  ('候選人', 0.0400355646916409),","    ('candidate', 0.0400355646916409),",
,,
"  ('參選', 0.029851570996727556),","    ('election', 0.029851570996727556),",
,,
"  ('立委', 0.02766267489980152),","    ('legislation committee', 0.02766267489980152),",
,,
"  ('選民', 0.02422232312857511),","    ('voter', 0.02422232312857511),",
,,
"  ('開票', 0.023931373508714514),","    ('count votes', 0.023931373508714514),",
,,
"  ('選票', 0.023104687660408473),","    ('ballot', 0.023104687660408473),",
,,
"  ('當選', 0.020533391844050543),","    ('get elected', 0.020533391844050543),",
,,
"  ('總統', 0.020479230868348644),","    ('president', 0.020479230868348644),",
,,
"  ('公投', 0.018216883470601002),","    ('referendum', 0.018216883470601002),",
,,
"  ('參選人', 0.017422196416464017),","    ('candidate', 0.017422196416464017),",
,,
"  ('民主', 0.016960199000010313),","    ('democracy', 0.016960199000010313),",
,,
"  ('競選', 0.01591316793650525),","    ('campaign', 0.01591316793650525),",
,,
"  ('罷免', 0.015870187880242737),","    ('remove from office', 0.015870187880242737),",
,,
"  ('議員', 0.01532842095432102),","    ('member', 0.01532842095432102),",
,,
"  ('得票率', 0.012708281094974305),","    ('number of votes', 0.012708281094974305),",
,,
"  ('公民投票', 0.011261864640349917)],","    ('referendum', 0.011261864640349917)],",
,,
,,
,,
" 7: [('高速公路', 0.06270733310269537),","[('highway', 0.06270733310269537),","Road transport, Transport policy"
,,
"  ('車道', 0.053113251529810855),","    ('lane', 0.053113251529810855),",
,,
"  ('國道', 0.04011380240905279),","    ('national highway', 0.04011380240905279),",
,,
"  ('路段', 0.030760599556323296),","    ('road', 0.030760599556323296),",
,,
"  ('限速', 0.0269803285320977),","    ('speed limit', 0.0269803285320977),",
,,
"  ('車輛', 0.02635259419948369),","    ('vehicle', 0.02635259419948369),",
,,
"  ('高速', 0.025973360622082758),","    ('high speed', 0.025973360622082758),",
,,
"  ('塞車', 0.020594163183197137),","    ('traffic jam', 0.020594163183197137),",
,,
"  ('用路', 0.01874816843980453),","    ('use path', 0.01874816843980453),",
,,
"  ('超車', 0.017498039281203876),","    ('overtake', 0.017498039281203876),",
,,
"  ('禁行', 0.016841153738886363),","    ('forbidden', 0.016841153738886363),",
,,
"  ('通行', 0.016376819807649226),","    ('pass', 0.016376819807649226),",
,,
"  ('汽車', 0.015974424620555906),","    ('car', 0.015974424620555906),",
,,
"  ('收費', 0.01590416020409356),","    ('charge', 0.01590416020409356),",
,,
"  ('速限', 0.015521526307276805),","    ('speed limit', 0.015521526307276805),",
,,
"  ('內側', 0.015397349770708483),","    ('inner side', 0.015397349770708483),",
,,
"  ('乘載', 0.01521119030969506),","    ('drive the car', 0.01521119030969506),",
,,
"  ('內線', 0.014211590645123322),","    ('inner line', 0.014211590645123322),",
,,
"  ('超速', 0.013933848061692755),","    ('overspeed', 0.013933848061692755),",
,,
"  ('時速', 0.013884011698655153)],","    ('speed per hour', 0.013884011698655153)],",
,,
,,
,,
" 8: [('寵物', 0.06294708773518408),","[('pets', 0.06294708773518408),","Fishing, hunting and pets"
,,
"  ('動物', 0.05995957425379672),","    ('animals', 0.05995957425379672),",
,,
"  ('海洋', 0.026957812550226556),","    ('ocean', 0.026957812550226556),",
,,
"  ('飼主', 0.02637239669117179),","    ('owner', 0.02637239669117179),",
,,
"  ('釣魚', 0.025181120110113767),","    ('fishing', 0.025181120110113767),",
,,
"  ('保育', 0.024344371017880787),","    ('raise', 0.024344371017880787),",
,,
"  ('飼養', 0.019183908836343733),","    ('feed', 0.019183908836343733),",
,,
"  ('生態', 0.017538302862432804),","    ('environment', 0.017538302862432804),",
,,
"  ('野生', 0.01698431240437755),","    ('wild', 0.01698431240437755),",
,,
"  ('貓狗', 0.01641975580655482),","    ('cat and dog', 0.01641975580655482),",
,,
"  ('遊憩', 0.015612597109371375),","    ('leisure and entertainment', 0.015612597109371375),",
,,
"  ('漁港', 0.015549525952414227),","    ('fishing port', 0.015549525952414227),",
,,
"  ('繁殖', 0.014805834229062282),","    ('breed', 0.014805834229062282),",
,,
"  ('公園', 0.012369421009025175),","    ('park', 0.012369421009025175),",
,,
"  ('保護', 0.01223731157778745),","    ('protection', 0.01223731157778745),",
,,
"  ('疫苗', 0.011803456541645604),","    ('vaccine', 0.011803456541645604),",
,,
"  ('漁船', 0.011321921732351784),","    ('fishing boat', 0.011321921732351784),",
,,
"  ('自然', 0.010783360256097965),","    ('nature', 0.010783360256097965),",
,,
"  ('魚類', 0.010761125656830461),","    ('fish', 0.010761125656830461),",
,,
"  ('釣客', 0.010634570570848925)],","    ('angler', 0.010634570570848925)],",
,,
,,
,,
" 9: [('鐵路', 0.059637005552838664),","[('railroad', 0.059637005552838664),","Tourism and leisure, Rail transport"
,,
"  ('列車', 0.03811804972337384),","    ('train', 0.03811804972337384),",
,,
"  ('台鐵', 0.03591579929586945),","    ('Taiwan railways', 0.03591579929586945),",
,,
"  ('高鐵', 0.032162585603368404),","    ('high-speed railway', 0.032162585603368404),",
,,
"  ('車廂', 0.02956532756682917),","    ('car', 0.02956532756682917),",
,,
"  ('旅客', 0.02639424966231395),","    ('traveler', 0.02639424966231395),",
,,
"  ('班次', 0.024030271619665415),","    ('shift', 0.024030271619665415),",
,,
"  ('車站', 0.022992511664886695),","    ('station', 0.022992511664886695),",
,,
"  ('支線', 0.019714540651121094),","    ('branch', 0.019714540651121094),",
,,
"  ('電氣化', 0.018423482640007396),","    ('electrification', 0.018423482640007396),",
,,
"  ('搭乘', 0.018384746383641657),","    ('ride', 0.018384746383641657),",
,,
"  ('自強號', 0.018297149346423635),","    ('self-empowerment', 0.018297149346423635),",
,,
"  ('乘車', 0.018081780395636054),","    ('ride', 0.018081780395636054),",
,,
"  ('莒光', 0.017777328149979853),","    ('Chukuang township', 0.017777328149979853),",
,,
"  ('乘客', 0.015630392128726786),","    ('passenger', 0.015630392128726786),",
,,
"  ('觀光', 0.014164998510414481),","    ('tourism', 0.014164998510414481),",
,,
"  ('快車', 0.014153788083102612),","    ('express', 0.014153788083102612),",
,,
"  ('東部', 0.014000140632432882),","    ('east', 0.014000140632432882),",
,,
"  ('普悠瑪號', 0.013578889715107817),","    ('Puyuma express', 0.013578889715107817),",
,,
"  ('普悠瑪', 0.012914059378743445)],","    ('Puyuma express', 0.012914059378743445)],",
,,
,,
,,
" 10: [('國防', 0.054792537786312524),","[('national defense', 0.054792537786312524),",Army
,,
"  ('訓練', 0.031176369660220235),","    ('training', 0.031176369660220235),",
,,
"  ('軍人', 0.024552263468821035),","    ('military personnel', 0.024552263468821035),",
,,
"  ('兵役', 0.023066924116003654),","    ('military conscription', 0.023066924116003654),",
,,
"  ('義務役', 0.02144977847106645),","    ('comprehensive military service duty', 0.02144977847106645),",
,,
"  ('防部', 0.019845295204064105),","    ('ministry of defense', 0.019845295204064105),",
,,
"  ('靶場', 0.018347154483159496),","    ('target range', 0.018347154483159496),",
,,
"  ('服兵役', 0.01724280282360876),","    ('military service', 0.01724280282360876),",
,,
"  ('槍枝', 0.016956699428212617),","    ('rifle', 0.016956699428212617),",
,,
"  ('彈藥', 0.016682792487547622),","    ('ammunition', 0.016682792487547622),",
,,
"  ('募兵制', 0.015595364173362197),","    ('recruiting', 0.015595364173362197),",
,,
"  ('全民', 0.01540385174026699),","    ('all people', 0.01540385174026699),",
,,
"  ('士官', 0.01522886739724268),","    ('sergeant', 0.01522886739724268),",
,,
"  ('徵兵制', 0.015112242066631573),","    ('conscription', 0.015112242066631573),",
,,
"  ('打靶', 0.014920673923166875),","    ('hit the target', 0.014920673923166875),",
,,
"  ('現役', 0.014860379409261434),","    ('active military service', 0.014860379409261434),",
,,
"  ('國家', 0.014454559558418583),","    ('country', 0.014454559558418583),",
,,
"  ('戰機', 0.014141902840407478),","    ('warplane', 0.014141902840407478),",
,,
"  ('憲法', 0.012707365579931173),","    ('constitution', 0.012707365579931173),",
,,
"  ('士兵', 0.012234047824201589)],","    ('soldier', 0.012234047824201589)],",
,,
,,
,,
" 11: [('高速公路', 0.03764879522851084),","[('highway', 0.03764879522851084),","Road transport, Transport policy"
,,
"  ('新竹', 0.03734496944516347),","    ('Hsinchu (city)', 0.03734496944516347),",
,,
"  ('高架', 0.036264624295379265),","    ('overhead railway', 0.036264624295379265),",
,,
"  ('交通', 0.028927238970277217),","    ('traffic', 0.028927238970277217),",
,,
"  ('中部', 0.027128297990413962),","    ('central', 0.027128297990413962),",
,,
"  ('快速道路', 0.026869030838992676),","    ('expressway', 0.026869030838992676),",
,,
"  ('東部', 0.026830977196040412),","    ('east', 0.026830977196040412),",
,,
"  ('花東', 0.02444580602893836),","    ('Huadong valley', 0.02444580602893836),",
,,
"  ('延伸', 0.023984566287508367),","    ('extension', 0.023984566287508367),",
,,
"  ('行政', 0.023948818324840627),","    ('administration', 0.023948818324840627),",
,,
"  ('西部', 0.02380146818850181),","    ('west', 0.02380146818850181),",
,,
"  ('彰化', 0.022068224176375554),","    ('Changhua (city)', 0.022068224176375554),",
,,
"  ('升格', 0.02165583450709016),","    ('promotion', 0.02165583450709016),",
,,
"  ('竹北', 0.016784014849499602),","    ('Zhubei (city)', 0.016784014849499602),",
,,
"  ('嘉義縣', 0.016598698590050434),","    ('Chiayi County county', 0.016598698590050434),",
,,
"  ('桃園', 0.016288083130704182),","    ('Taoyuan (city)', 0.016288083130704182),",
,,
"  ('中壢', 0.01626478663049924),","    ('Zhongli (district)', 0.01626478663049924),",
,,
"  ('雲林縣', 0.01611318717609455),","    ('Yunlin County', 0.01611318717609455),",
,,
"  ('路段', 0.01606777879425227),","    ('road', 0.01606777879425227),",
,,
"  ('中山', 0.015984633889158217)],","    ('Zhongshan district', 0.015984633889158217)],",
,,
,,
,,
" 12: [('安全', 0.0414877784193538),","[('security', 0.0414877784193538),","Transport policy, Road transport"
,,
"  ('大型', 0.03564458192724562),","    ('large', 0.03564458192724562),",
,,
"  ('車輛', 0.03344479868346981),","    ('vehicle', 0.03344479868346981),",
,,
"  ('踏板', 0.03217200930271257),","    ('pedal', 0.03217200930271257),",
,,
"  ('座椅', 0.02961305404785505),","    ('seat', 0.02961305404785505),",
,,
"  ('客車', 0.027629258380350012),","    ('passenger car', 0.027629258380350012),",
,,
"  ('大車', 0.026423029521867303),","    ('big car', 0.026423029521867303),",
,,
"  ('死角', 0.026356303659171843),","    ('middle of nowhere', 0.026356303659171843),",
,,
"  ('加裝', 0.02153004816682456),","    ('additional installation', 0.02153004816682456),",
,,
"  ('乘客', 0.021140198321610872),","    ('passenger', 0.021140198321610872),",
,,
"  ('盲點', 0.020642617399366577),","    ('blind spot', 0.020642617399366577),",
,,
"  ('遊覽車', 0.018419821616108462),","    ('touring car', 0.018419821616108462),",
,,
"  ('偵測', 0.01825891507659352),","    ('detect', 0.01825891507659352),",
,,
"  ('自小', 0.017289586203127677),","    ('since childhood', 0.017289586203127677),",
,,
"  ('安全帽', 0.0171832224193317),","    ('helmet', 0.0171832224193317),",
,,
"  ('汽車', 0.01666321608928562),","    ('car', 0.01666321608928562),",
,,
"  ('事故', 0.016447113608144163),","    ('accident', 0.016447113608144163),",
,,
"  ('裝置', 0.014397707445963139),","    ('device', 0.014397707445963139),",
,,
"  ('注意', 0.013261858774981015),","    ('attention', 0.013261858774981015),",
,,
"  ('交通部', 0.012424772944972212)],","    ('ministry of transportation', 0.012424772944972212)],",
,,
,,
,,
" 13: [('食品', 0.08018931240166632),","[('food', 0.08018931240166632),","Agricultural policy, Plant and crop production"
,,
"  ('農藥', 0.033688956818732914),","    ('pesticide', 0.033688956818732914),",
,,
"  ('消費者', 0.024637442483203476),","    ('consumer', 0.024637442483203476),",
,,
"  ('商品', 0.023778854677713557),","    ('commodity', 0.023778854677713557),",
,,
"  ('食物', 0.022802815945286162),","    ('food', 0.022802815945286162),",
,,
"  ('進口', 0.02113557984053975),","    ('import', 0.02113557984053975),",
,,
"  ('農產品', 0.019518315763052536),","    ('agricultural products', 0.019518315763052536),",
,,
"  ('基因', 0.01797800832271586),","    ('gene', 0.01797800832271586),",
,,
"  ('核災', 0.017756648900878413),","    ('nuclear disaster', 0.017756648900878413),",
,,
"  ('素食', 0.016994630849996587),","    ('vegetarian', 0.016994630849996587),",
,,
"  ('改造', 0.016273799229789342),","    ('transforma', 0.016273799229789342),",
,,
"  ('蔬食', 0.01614439894447592),","    ('vegetables', 0.01614439894447592),",
,,
"  ('食安', 0.015043344179511683),","    ('food security', 0.015043344179511683),",
,,
"  ('農業', 0.014027266797056574),","    ('agriculture', 0.014027266797056574),",
,,
"  ('產品', 0.01387423023202621),","    ('product', 0.01387423023202621),",
,,
"  ('許量', 0.013392068748675363),","    ('permissible amount', 0.013392068748675363),",
,,
"  ('作物', 0.013103014038504966),","    ('crop', 0.013103014038504966),",
,,
"  ('食材', 0.012888275622964372),","    ('ingredients', 0.012888275622964372),",
,,
"  ('殘留容', 0.012284933397220553),","    ('residual capacity', 0.012284933397220553),",
,,
"  ('罌粟籽', 0.012284933397220553)],","    ('poppy seeds', 0.012284933397220553)],",
,,
,,
,,
" 14: [('收入', 0.04008213460437632),","[('revenue', 0.04008213460437632),","Social security, Social groups"
,,
"  ('低收入', 0.03449547728600769),","    ('low income', 0.03449547728600769),",
,,
"  ('家庭', 0.03393316965100431),","    ('family', 0.03393316965100431),",
,,
"  ('外籍', 0.03206166711434962),","    ('foreign citizenship', 0.03206166711434962),",
,,
"  ('工作', 0.027565975290144963),","    ('work', 0.027565975290144963),",
,,
"  ('生活', 0.02582131020325413),","    ('life', 0.02582131020325413),",
,,
"  ('障礙者', 0.02568503172884413),","    ('disable person', 0.02568503172884413),",
,,
"  ('扶養', 0.02414410590987341),","    ('raise a child', 0.02414410590987341),",
,,
"  ('照顧', 0.02286654689401915),","    ('care', 0.02286654689401915),",
,,
"  ('補助', 0.022053962279455507),","    ('help', 0.022053962279455507),",
,,
"  ('單親', 0.02157465722988228),","    ('single parent', 0.02157465722988228),",
,,
"  ('看護工', 0.021324123305052924),","    ('caretaker', 0.021324123305052924),",
,,
"  ('申請', 0.020784239645580665),","    ('apply', 0.020784239645580665),",
,,
"  ('考核', 0.020369124897190057),","    ('certify', 0.020369124897190057),",
,,
"  ('看護', 0.020146940171883666),","    ('care', 0.020146940171883666),",
,,
"  ('身心', 0.019431083409364055),","    ('body and soul', 0.019431083409364055),",
,,
"  ('機關', 0.019389146056506233),","    ('institution', 0.019389146056506233),",
,,
"  ('服務', 0.01853777734527889),","    ('service', 0.01853777734527889),",
,,
"  ('每月', 0.017193824583658694),","    ('monthly', 0.017193824583658694),",
,,
"  ('人員', 0.016819427695516295)],","    ('officer', 0.016819427695516295)],",
,,
,,
,,
" 15: [('酒駕', 0.10335842352977835),","[('drunk driving', 0.10335842352977835),","Legal system, Road transport"
,,
"  ('駕者', 0.04900166493060945),","    ('driver', 0.04900166493060945),",
,,
"  ('累犯', 0.027902717287402352),","    ('recidivism', 0.027902717287402352),",
,,
"  ('鞭刑', 0.027210592294963705),","    ('flogging', 0.027210592294963705),",
,,
"  ('加重', 0.02226100140425257),","    ('aggravate', 0.02226100140425257),",
,,
"  ('肇事', 0.021585316658598253),","    ('accident', 0.021585316658598253),",
,,
"  ('刑責', 0.019616150249647576),","    ('criminal liability', 0.019616150249647576),",
,,
"  ('駕致', 0.019231096120267993),","    ('drive to place', 0.019231096120267993),",
,,
"  ('罰則', 0.018817512420913497),","    ('penalty', 0.018817512420913497),",
,,
"  ('嚇阻', 0.018540393156204017),","    ('deterrence', 0.018540393156204017),",
,,
"  ('駕駛', 0.01713930388221456),","    ('driving', 0.01713930388221456),",
,,
"  ('有期徒刑', 0.017128492110333675),","    ('imprisonment', 0.017128492110333675),",
,,
"  ('吊銷', 0.015874422301506354),","    ('annul', 0.015874422301506354),",
,,
"  ('蓄意', 0.015255586661334936),","    ('intention', 0.015255586661334936),",
,,
"  ('處罰', 0.01449941874755321),","    ('sanction', 0.01449941874755321),",
,,
"  ('刑罰', 0.013055380618173294),","    ('punishment', 0.013055380618173294),",
,,
"  ('死刑', 0.012833012125249402),","    ('death penalty', 0.012833012125249402),",
,,
"  ('駕照', 0.01264217196903216),","    ('driving license', 0.01264217196903216),",
,,
"  ('致死', 0.01264095223639924),","    ('lethal', 0.01264095223639924),",
,,
"  ('刑法', 0.012386524374395927)],","    ('criminal law', 0.012386524374395927)],",
,,
,,
,,
" 16: [('語言', 0.06325260072291847),","[('language', 0.06325260072291847),","Cultural policy, Language policy"
,,
"  ('文化', 0.05502938257290166),","    ('culture', 0.05502938257290166),",
,,
"  ('原住民', 0.05469401824609552),","    ('indigenous peoples', 0.05469401824609552),",
,,
"  ('台語', 0.04497289470220747),","    ('taiwanese', 0.04497289470220747),",
,,
"  ('英語', 0.040035251282161455),","    ('english', 0.040035251282161455),",
,,
"  ('英文', 0.03998529431533827),","    ('english', 0.03998529431533827),",
,,
"  ('中文', 0.03707338235603112),","    ('chinese', 0.03707338235603112),",
,,
"  ('閩南語', 0.026486081755707547),","    ('Southern Fujian language', 0.026486081755707547),",
,,
"  ('平埔族', 0.022931759578229804),","    ('Plains indigenous peoples', 0.022931759578229804),",
,,
"  ('翻譯', 0.022717511800234538),","    ('translate', 0.022717511800234538),",
,,
"  ('學習', 0.020755663147177365),","    ('learn', 0.020755663147177365),",
,,
"  ('文字', 0.020575619203382453),","    ('write', 0.020575619203382453),",
,,
"  ('本土', 0.020121551591568195),","    ('native', 0.020121551591568195),",
,,
"  ('教育', 0.019356163360662416),","    ('education', 0.019356163360662416),",
,,
"  ('官方', 0.017098150672363872),","    ('official', 0.017098150672363872),",
,,
"  ('政治', 0.017004514673088066),","    ('politics', 0.017004514673088066),",
,,
"  ('文言文', 0.016859076924058213),","    ('classical chinese', 0.016859076924058213),",
,,
"  ('歷史', 0.016594683880809005),","    ('history', 0.016594683880809005),",
,,
"  ('國際', 0.015076667464627738),","    ('international', 0.015076667464627738),",
,,
"  ('能力', 0.014062157586119053)],","    ('capability', 0.014062157586119053)],",
,,
,,
,,
" 17: [('停車', 0.038862486884698115),","[('park a car', 0.038862486884698115),","Road transport, Transport policy"
,,
"  ('計程', 0.03843530689064669),","    ('calculatte route', 0.03843530689064669),",
,,
"  ('停車場', 0.033186821861328104),","    ('parking area', 0.033186821861328104),",
,,
"  ('司機', 0.03153072126322189),","    ('driver', 0.03153072126322189),",
,,
"  ('停車格', 0.02722704250483731),","    ('parking rule', 0.02722704250483731),",
,,
"  ('騎樓', 0.02116734213080391),","    ('riding house', 0.02116734213080391),",
,,
"  ('車位', 0.019767105247934805),","    ('parking space', 0.019767105247934805),",
,,
"  ('車輛', 0.01942678492057616),","    ('vehicle', 0.01942678492057616),",
,,
"  ('停車位', 0.01810560089381496),","    ('parking position', 0.01810560089381496),",
,,
"  ('載客', 0.01777218960299703),","    ('carry passengers', 0.01777218960299703),",
,,
"  ('多元化', 0.017220731614735172),","    ('diversity', 0.017220731614735172),",
,,
"  ('登記證', 0.01721231157574607),","    ('registration certificate', 0.01721231157574607),",
,,
"  ('拖吊', 0.015813684198347843),","    ('tow', 0.015813684198347843),",
,,
"  ('執業', 0.014994285513869497),","    ('practice', 0.014994285513869497),",
,,
"  ('交通', 0.013250619535282126),","    ('traffic', 0.013250619535282126),",
,,
"  ('停放', 0.012317106062130795),","    ('park', 0.012317106062130795),",
,,
"  ('車子', 0.012281129651773482),","    ('car', 0.012281129651773482),",
,,
"  ('障礙者', 0.011900689785972461),","    ('person with visual disabilities', 0.011900689785972461),",
,,
"  ('開放', 0.011343826858373951),","    ('open', 0.011343826858373951),",
,,
"  ('優惠', 0.011069397825355348)],","    ('preferential', 0.011069397825355348)],",
,,
,,
,,
" 18: [('詐騙', 0.05714653426540556),","[('fraud', 0.05714653426540556),","Legal system, Public security"
,,
"  ('犯罪', 0.03241814899026374),","    ('crime', 0.03241814899026374),",
,,
"  ('通姦', 0.028941157299668053),","    ('adultery', 0.028941157299668053),",
,,
"  ('被害人', 0.024828725906026902),","    ('victim', 0.024828725906026902),",
,,
"  ('被害者', 0.022907672394887505),","    ('victim', 0.022907672394887505),",
,,
"  ('性侵犯', 0.021611745225383866),","    ('sexual assault', 0.021611745225383866),",
,,
"  ('犯罪者', 0.018443816212626817),","    ('criminal', 0.018443816212626817),",
,,
"  ('報案', 0.018161851265457857),","    ('start lawsuit', 0.018161851265457857),",
,,
"  ('性侵', 0.017138206240005928),","    ('sexual assault', 0.017138206240005928),",
,,
"  ('加害者', 0.014603023545211492),","    ('inflictor', 0.014603023545211492),",
,,
"  ('集團', 0.014394281371961247),","    ('corporation', 0.014394281371961247),",
,,
"  ('對詐', 0.013557930575177754),","    ('against fraud', 0.013557930575177754),",
,,
"  ('社會', 0.013488789755836),","    ('society', 0.013488789755836),",
,,
"  ('自主', 0.013247597957541522),","    ('autonomy', 0.013247597957541522),",
,,
"  ('案件', 0.012830376105160902),","    ('case', 0.012830376105160902),",
,,
"  ('新聞', 0.01275324647142063),","    ('news', 0.01275324647142063),",
,,
"  ('家暴', 0.012721332328147837),","    ('domestic violence', 0.012721332328147837),",
,,
"  ('我國', 0.012651429918234829),","    ('our country', 0.012651429918234829),",
,,
"  ('事件', 0.012480689530581467),","    ('incident', 0.012480689530581467),",
,,
"  ('希望', 0.012009356573563867)],","    ('hope', 0.012009356573563867)],",
,,
,,
,,
" 19: [('公共政策', 0.06662951749493883),","[('public policy', 0.06662951749493883),",Citizen's rights
,,
"  ('網路', 0.04907963958997168),","    ('network', 0.04907963958997168),",
,,
"  ('提案', 0.0440144101192234),","    ('proposal', 0.0440144101192234),",
,,
"  ('附議', 0.04122470856789992),","    ('attachment', 0.04122470856789992),",
,,
"  ('提議', 0.031000395580601334),","    ('propose', 0.031000395580601334),",
,,
"  ('網頁', 0.026410750711082263),","    ('webpage', 0.026410750711082263),",
,,
"  ('回應', 0.024609010791854777),","    ('response', 0.024609010791854777),",
,,
"  ('協作', 0.02341972629189928),","    ('collaboration', 0.02341972629189928),",
,,
"  ('網站', 0.02250349062703634),","    ('website', 0.02250349062703634),",
,,
"  ('民眾', 0.02062109358012472),","    ('civil', 0.02062109358012472),",
,,
"  ('意見', 0.019146007970692075),","    ('opinion', 0.019146007970692075),",
,,
"  ('政府', 0.01908799726196186),","    ('government', 0.01908799726196186),",
,,
"  ('討論', 0.01900291702851039),","    ('discussion', 0.01900291702851039),",
,,
"  ('民意', 0.01793451639096461),","    ('public opinion', 0.01793451639096461),",
,,
"  ('檢核', 0.01702500238868953),","    ('investigate', 0.01702500238868953),",
,,
"  ('建議', 0.016729121763747083),","    ('suggest', 0.016729121763747083),",
,,
"  ('機關', 0.014190471510861665),","    ('institution', 0.014190471510861665),",
,,
"  ('政策', 0.014029794576226605),","    ('policy', 0.014029794576226605),",
,,
"  ('要點', 0.012672332796691199),","    ('operational paragraph', 0.012672332796691199),",
,,
"  ('開放', 0.01261355459824595)],","    ('open', 0.01261355459824595)],",
,,
,,
,,
" 20: [('行人', 0.11693391407054754),","[('pedestrian', 0.11693391407054754),","Road transport, Transport policy"
,,
"  ('綠燈', 0.06884908418048792),","    ('green Light', 0.06884908418048792),",
,,
"  ('紅綠燈', 0.06690457072961006),","    ('traffic light', 0.06690457072961006),",
,,
"  ('路口', 0.05907814019933474),","    ('intersection', 0.05907814019933474),",
,,
"  ('號誌', 0.043044763291133416),","    ('signal', 0.043044763291133416),",
,,
"  ('紅燈', 0.0419856139658922),","    ('red light', 0.0419856139658922),",
,,
"  ('交通', 0.0381115435533967),","    ('traffic', 0.0381115435533967),",
,,
"  ('車輛', 0.034842987936817345),","    ('vehicle', 0.034842987936817345),",
,,
"  ('通行', 0.03234853119849338),","    ('pass', 0.03234853119849338),",
,,
"  ('斑馬線', 0.03158573037012022),","    ('zebra crossing', 0.03158573037012022),",
,,
"  ('右轉', 0.030164406597738596),","    ('right turn', 0.030164406597738596),",
,,
"  ('行人穿越', 0.02784644238775801),","    ('pedestrian crossing', 0.02784644238775801),",
,,
"  ('直行', 0.026951741251640342),","    ('straight ahead', 0.026951741251640342),",
,,
"  ('過馬路', 0.025910819030116543),","    ('cross the street', 0.025910819030116543),",
,,
"  ('十字路口', 0.025633566892727038),","    ('intersection', 0.025633566892727038),",
,,
"  ('減少', 0.0192513553730846),","    ('reduce', 0.0192513553730846),",
,,
"  ('駕駛人', 0.01686114592752615),","    ('driver', 0.01686114592752615),",
,,
"  ('轉車輛', 0.016742613039033818),","    ('change the train', 0.016742613039033818),",
,,
"  ('專用誌', 0.014223050783549834),","    ('special signal', 0.014223050783549834),",
,,
"  ('轉車', 0.014002172185926004)],","    ('change the train', 0.014002172185926004)],",
,,
,,
,,
" 21: [('發票', 0.06110334892131801),","[('Invoice', 0.06110334892131801),","Finance, Economic policy"
,,
"  ('信用卡', 0.036809963608973484),","    ('credit card', 0.036809963608973484),",
,,
"  ('支付', 0.029522313577490723),","    ('pay', 0.029522313577490723),",
,,
"  ('消費者', 0.0254612127075021),","    ('consumer', 0.0254612127075021),",
,,
"  ('銀行', 0.02223840434522676),","    ('bank', 0.02223840434522676),",
,,
"  ('無紙化', 0.021564425825911296),","    ('paperless', 0.021564425825911296),",
,,
"  ('印出', 0.02089731140092095),","    ('printout', 0.02089731140092095),",
,,
"  ('列印', 0.01933744693254601),","    ('typing', 0.01933744693254601),",
,,
"  ('選物', 0.01897732237454413),","    ('selections', 0.01897732237454413),",
,,
"  ('使用', 0.01740803008753123),","    ('use', 0.01740803008753123),",
,,
"  ('簽單', 0.01680552241634309),","    ('receip on', 0.01680552241634309),",
,,
"  ('成本', 0.016229023455394186),","    ('cost', 0.016229023455394186),",
,,
"  ('商品', 0.015434356996876253),","    ('commodity', 0.015434356996876253),",
,,
"  ('國貨', 0.015416193529524157),","    ('national goods', 0.015416193529524157),",
,,
"  ('付款', 0.014158263889431982),","    ('payment', 0.014158263889431982),",
,,
"  ('販賣機', 0.013801688999668457),","    ('vending machine', 0.013801688999668457),",
,,
"  ('寫紙', 0.013739428976451886),","    ('conclude an agreement', 0.013739428976451886),",
,,
"  ('店家', 0.013381169823035773),","    ('store', 0.013381169823035773),",
,,
"  ('紙張', 0.013063074838936508),","    ('paper', 0.013063074838936508),",
,,
"  ('產品', 0.012767758823249894)],","    ('product', 0.012767758823249894)],",
,,
,,
,,
" 22: [('二手', 0.04326623299559873),","[('second-hand', 0.04326623299559873),","Housing, Environment"
,,
"  ('煙蒂', 0.032712611424073716),","    ('roach', 0.032712611424073716),",
,,
"  ('香菸', 0.03057864906621444),","    ('cigarette', 0.03057864906621444),",
,,
"  ('回收', 0.027718169662079108),","    ('recycle', 0.027718169662079108),",
,,
"  ('禁止', 0.023118414455285667),","    ('forbidden', 0.023118414455285667),",
,,
"  ('場所', 0.021705950009573254),","    ('lace', 0.021705950009573254),",
,,
"  ('購買', 0.018996629222005918),","    ('purchase', 0.018996629222005918),",
,,
"  ('吸煙者', 0.017456984601931843),","    ('smoker', 0.017456984601931843),",
,,
"  ('設置', 0.01681171885908428),","    ('settings', 0.01681171885908428),",
,,
"  ('住宅', 0.016320826787056167),","    ('housing', 0.016320826787056167),",
,,
"  ('三手', 0.015739788477794815),","    ('third-hand', 0.015739788477794815),",
,,
"  ('清潔', 0.015560323884348862),","    ('clean', 0.015560323884348862),",
,,
"  ('發票', 0.01548389559992013),","    ('Invoice', 0.01548389559992013),",
,,
"  ('公寓', 0.01423481950182003),","    ('apartments', 0.01423481950182003),",
,,
"  ('戒菸', 0.014220243068212348),","    ('quit smoking', 0.014220243068212348),",
,,
"  ('清理', 0.014059452531863047),","    ('clean up', 0.014059452531863047),",
,,
"  ('丟棄', 0.013730282119742187),","    ('throw away', 0.013730282119742187),",
,,
"  ('不吸', 0.013410475894040787),","    ('not breathe', 0.013410475894040787),",
,,
"  ('大廈', 0.013353668241002477),","    (multistory 'building', 0.013353668241002477),",
,,
"  ('隨地', 0.013133039470167761)],","    ('everywhere', 0.013133039470167761)],",
,,
,,
,,
" 23: [('牌照', 0.06764117069981566),","[('license', 0.06764117069981566),","Road transport, Public policy"
,,
"  ('燃料', 0.05887381843041936),","    ('fuel', 0.05887381843041936),",
,,
"  ('身分', 0.054091762100860696),","    ('identity', 0.054091762100860696),",
,,
"  ('駕照', 0.04942760739296512),","    ('driving license', 0.04942760739296512),",
,,
"  ('門牌', 0.03883677224518713),","    ('doorplate', 0.03883677224518713),",
,,
"  ('卡片', 0.030412256079191905),","    ('card', 0.030412256079191905),",
,,
"  ('徵收', 0.02584614441324717),","    ('collect', 0.02584614441324717),",
,,
"  ('汽車', 0.023256427929907415),","    ('car', 0.023256427929907415),",
,,
"  ('護照', 0.023167359702151447),","    ('passport', 0.023167359702151447),",
,,
"  ('稅及', 0.022676422374655548),","    ('tax', 0.022676422374655548),",
,,
"  ('健保卡', 0.022512298442391106),","    ('health insurance card', 0.022512298442391106),",
,,
"  ('使用', 0.019821441618388124),","    ('use', 0.019821441618388124),",
,,
"  ('氣量', 0.01856202831233139),","    ('gas volume', 0.01856202831233139),",
,,
"  ('車輛', 0.01844496456306664),","    ('vehicle', 0.01844496456306664),",
,,
"  ('憑證', 0.01738236474391801),","    ('certificate', 0.01738236474391801),",
,,
"  ('課稅', 0.015923406952623443),","    ('tax', 0.015923406952623443),",
,,
"  ('身障', 0.014778889407278895),","    ('body', 0.014778889407278895),",
,,
"  ('分級', 0.014293580575139289),","    ('classification', 0.014293580575139289),",
,,
"  ('查驗', 0.014192386170289558),","    ('inspect', 0.014192386170289558),",
,,
"  ('課徵', 0.012570411169627127)],","    ('collect', 0.012570411169627127)],",
,,
,,
,,
" 24: [('房子', 0.06861459605359121),","[('house', 0.06861459605359121),",Housing
,,
"  ('房價', 0.05370163442992388),","    ('housing price', 0.05370163442992388),",
,,
"  ('房東', 0.050938429137850405),","    ('householder', 0.050938429137850405),",
,,
"  ('出租', 0.046623866646457145),","    ('rental', 0.046623866646457145),",
,,
"  ('房屋', 0.04646006889154167),","    ('housing', 0.04646006889154167),",
,,
"  ('空屋', 0.03962977822408489),","    ('empty house', 0.03962977822408489),",
,,
"  ('房租', 0.03168219774248562),","    ('rents', 0.03168219774248562),",
,,
"  ('租金', 0.030629639147037837),","    ('rents', 0.030629639147037837),",
,,
"  ('租屋', 0.030209671734152246),","    ('rentals', 0.030209671734152246),",
,,
"  ('房產', 0.025585607743878733),","    ('real estate', 0.025585607743878733),",
,,
"  ('提高', 0.02040674688238191),","    ('raise', 0.02040674688238191),",
,,
"  ('租賃', 0.019101910926693902),","    ('lease', 0.019101910926693902),",
,,
"  ('投資客', 0.016345517618332372),","    ('Investor', 0.016345517618332372),",
,,
"  ('地價', 0.014179238510469904),","    ('land price', 0.014179238510469904),",
,,
"  ('炒房', 0.013896932571672842),","    ('speculation', 0.013896932571672842),",
,,
"  ('登記', 0.01374410111991419),","    ('registration', 0.01374410111991419),",
,,
"  ('仲介', 0.013139976108154839),","    ('secondment', 0.013139976108154839),",
,,
"  ('成本', 0.013120217014263481),","    ('cost', 0.013120217014263481),",
,,
"  ('市場', 0.012817065948502548),","    ('market', 0.012817065948502548),",
,,
"  ('房貸', 0.01268918105499482)],","    ('room credit', 0.01268918105499482)],",
,,
,,
,,
" 25: [('違規', 0.07866200603065104),","[('violation', 0.07866200603065104),","Transport policy, Legal system"
,,
"  ('交通', 0.06839505049012935),","    ('traffic', 0.06839505049012935),",
,,
"  ('停車', 0.02932668517338956),","    ('parking', 0.02932668517338956),",
,,
"  ('道路', 0.021199764600400368),","    ('road', 0.021199764600400368),",
,,
"  ('罰款', 0.020140323263765445),","    ('fine', 0.020140323263765445),",
,,
"  ('民眾', 0.01874301340616064),","    ('civil', 0.01874301340616064),",
,,
"  ('處罰', 0.016791108076811893),","    ('penalty', 0.016791108076811893),",
,,
"  ('警察', 0.016333422676728833),","    ('police', 0.016333422676728833),",
,,
"  ('違停', 0.016104764401662412),","    ('parking violate', 0.016104764401662412),",
,,
"  ('法規', 0.015268793521099234),","    ('regulation', 0.015268793521099234),",
,,
"  ('違規者', 0.014986808586633874),","    ('violator', 0.014986808586633874),",
,,
"  ('舉發', 0.013901509594833205),","    ('uncover', 0.013901509594833205),",
,,
"  ('道路交通', 0.01272339187166524),","    ('road traffic', 0.01272339187166524),",
,,
"  ('執法', 0.011858252516537987),","    ('enforce laws', 0.011858252516537987),",
,,
"  ('開罰', 0.011726887305333071),","    ('penalty', 0.011726887305333071),",
,,
"  ('事件', 0.011129995257971613),","    ('incident', 0.011129995257971613),",
,,
"  ('降低', 0.010961714494288219),","    ('lower', 0.010961714494288219),",
,,
"  ('紅線', 0.010954784414854925),","    ('redline', 0.010954784414854925),",
,,
"  ('交通事故', 0.010554198574799764),","    ('traffic accident', 0.010554198574799764),",
,,
"  ('車速限', 0.010537986508167023)],","    ('speed limit', 0.010537986508167023)],",
,,
,,
,,
" 26: [('進口', 0.04925967162809872),","[('import', 0.04925967162809872),","Foreign trade policy, Road transport"
,,
"  ('車牌', 0.04815742803481082),","    ('license plate', 0.04815742803481082),",
,,
"  ('車輛', 0.038877008944868806),","    ('vehicle', 0.038877008944868806),",
,,
"  ('國產車', 0.03219320093188055),","    ('domestic vehicle', 0.03219320093188055),",
,,
"  ('進口車', 0.03212383588834123),","    ('Imported car', 0.03212383588834123),",
,,
"  ('驗車', 0.021704883708259272),","    ('check the car', 0.021704883708259272),",
,,
"  ('車廠', 0.02079617970365966),","    ('car factory', 0.02079617970365966),",
,,
"  ('檢驗', 0.020090175367000293),","    ('inspection', 0.020090175367000293),",
,,
"  ('老車', 0.0192634213920065),","    ('old car', 0.0192634213920065),",
,,
"  ('引進', 0.01806595484827529),","    ('implement', 0.01806595484827529),",
,,
"  ('測試', 0.017574953223507522),","    ('test', 0.017574953223507522),",
,,
"  ('新車', 0.017505578367956028),","    ('new car', 0.017505578367956028),",
,,
"  ('車主', 0.01745239454160745),","    ('car owner', 0.01745239454160745),",
,,
"  ('配備', 0.01610758727817644),","    ('equipment', 0.01610758727817644),",
,,
"  ('降低', 0.015349213048655268),","    ('lower', 0.015349213048655268),",
,,
"  ('貨物稅', 0.01362602256983231),","    ('tax in goods', 0.01362602256983231),",
,,
"  ('車價', 0.01362602256983231),","    ('car price', 0.01362602256983231),",
,,
"  ('價格', 0.013493957080547306),","    ('price', 0.013493957080547306),",
,,
"  ('機油', 0.013170294592167222),","    ('motor oil', 0.013170294592167222),",
,,
"  ('市場', 0.011938476750419712)],","    ('market', 0.011938476750419712)],",
,,
,,
,,
" 27: [('死刑', 0.09339631759196092),","[('death penalty', 0.09339631759196092),","Legal system, Public security"
,,
"  ('監獄', 0.05010603557397939),","    ('prison', 0.05010603557397939),",
,,
"  ('執行', 0.04054334238537628),","    ('execute', 0.04054334238537628),",
,,
"  ('鞭刑', 0.03937376299611274),","    ('flogging', 0.03937376299611274),",
,,
"  ('判決', 0.03574758834871545),","    ('judgment', 0.03574758834871545),",
,,
"  ('假釋', 0.03412269796922838),","    ('conditional release', 0.03412269796922838),",
,,
"  ('法官', 0.030963851832392406),","    ('judge', 0.030963851832392406),",
,,
"  ('死刑犯', 0.03037106133601025),","    ('person sentenced to death shall', 0.03037106133601025),",
,,
"  ('受刑人', 0.024198665386785428),","    ('convict', 0.024198665386785428),",
,,
"  ('徒刑', 0.02024653875216553),","    ('prison sentence', 0.02024653875216553),",
,,
"  ('有期徒刑', 0.018535753736454223),","    ('imprisonment', 0.018535753736454223),",
,,
"  ('刑法', 0.017233958781152588),","    ('criminal law', 0.017233958781152588),",
,,
"  ('監所', 0.01718438090762654),","    ('warden', 0.01718438090762654),",
,,
"  ('刑罰', 0.01651324562998802),","    ('penalty', 0.01651324562998802),",
,,
"  ('受害者', 0.016165291483165607),","    ('victim', 0.016165291483165607),",
,,
"  ('再犯', 0.015031810672193818),","    ('second offence', 0.015031810672193818),",
,,
"  ('死囚', 0.014831804676119626),","    ('person sentenced to death shall', 0.014831804676119626),",
,,
"  ('槍決', 0.014831804676119626),","    ('firing squad', 0.014831804676119626),",
,,
"  ('信任', 0.014121667801987056),","    ('trust', 0.014121667801987056),",
,,
"  ('審判', 0.013826710768957955)],","    ('trial', 0.013826710768957955)],",
,,
,,
,,
" 28: [('教師', 0.11383165171449472),"," [('professor', 0.11383165171449472),","Schools, Universities"
,,
"  ('學生', 0.06804164572705265),","    ('student', 0.06804164572705265),",
,,
"  ('老師', 0.05390109145732204),","    ('teacher', 0.05390109145732204),",
,,
"  ('教官', 0.0473759185184865),","    ('instructor', 0.0473759185184865),",
,,
"  ('校園', 0.04018051507693328),","    ('campus', 0.04018051507693328),",
,,
"  ('教學', 0.03328673842486564),","    ('teaching', 0.03328673842486564),",
,,
"  ('主任', 0.02362089044960282),","    ('director', 0.02362089044960282),",
,,
"  ('任教', 0.021922928915608854),","    ('tenure', 0.021922928915608854),",
,,
"  ('兼任', 0.02154189172104569),","    ('part-time', 0.02154189172104569),",
,,
"  ('特殊教育', 0.020688937264717547),","    ('special education', 0.020688937264717547),",
,,
"  ('校長', 0.020040381205908977),","    ('principal', 0.020040381205908977),",
,,
"  ('組長', 0.018985079315635277),","    ('group leader', 0.018985079315635277),",
,,
"  ('校安人員', 0.016531587433602352),","    ('school security officer', 0.016531587433602352),",
,,
"  ('在校', 0.016054383696545268),","    ('at school', 0.016054383696545268),",
,,
"  ('寒暑假', 0.01571820372932224),","    ('winter and summer vacation', 0.01571820372932224),",
,,
"  ('培育', 0.014938685967357722),","    ('educate', 0.014938685967357722),",
,,
"  ('師資', 0.013966234745527373),","    ('teacher', 0.013966234745527373),",
,,
"  ('校方', 0.013643642011188046),","    ('school', 0.013643642011188046),",
,,
"  ('專心', 0.013360254137272652),","    ('concentration', 0.013360254137272652),",
,,
"  ('教師證', 0.012214171283331665)],","    ('teacher ID', 0.012214171283331665)],",
,,
,,
,,
" 29: [('旅行', 0.05089325840215073),","[('travel', 0.05089325840215073),",Tourism and leisure
,,
"  ('旅行社', 0.0381476267286867),","    ('travel agency', 0.0381476267286867),",
,,
"  ('旅遊', 0.03404448804351135),","    ('travel', 0.03404448804351135),",
,,
"  ('彩券', 0.029458845082568654),","    ('lottery', 0.029458845082568654),",
,,
"  ('行程', 0.028500596071584443),","    ('trip', 0.028500596071584443),",
,,
"  ('觀光', 0.024424323744345992),","    ('tourism', 0.024424323744345992),",
,,
"  ('出國', 0.02204053983693846),","    ('go abroad', 0.02204053983693846),",
,,
"  ('消費', 0.020307568470433583),","    ('consumption', 0.020307568470433583),",
,,
"  ('政府', 0.018618077667092604),","    ('government', 0.018618077667092604),",
,,
"  ('國民', 0.01858774134534722),","    ('nationals', 0.01858774134534722),",
,,
"  ('消費卷', 0.01695729163580294),","    ('consumption volume', 0.01695729163580294),",
,,
"  ('旅遊卡', 0.016421204767738666),","    ('travel card', 0.016421204767738666),",
,,
"  ('政策', 0.015820898162436592),","    ('policy', 0.015820898162436592),",
,,
"  ('公司', 0.01575925550474671),","    ('company', 0.01575925550474671),",
,,
"  ('旅社', 0.015599411100830228),","    ('hostel', 0.015599411100830228),",
,,
"  ('弟兄', 0.01433618955813419),","    ('brethren', 0.01433618955813419),",
,,
"  ('跟團', 0.013316149675828979),","    ('follow group', 0.013316149675828979),",
,,
"  ('規劃', 0.013241783581381379),","    ('planning', 0.013241783581381379),",
,,
"  ('旅客', 0.013174205197896888),","    ('traveler', 0.013174205197896888),",
,,
"  ('提供', 0.012938923740168902)],","    ('provide', 0.012938923740168902)],",
,,
,,
,,
,,
,,
" 30: [('塑膠袋', 0.09470841559984518),","[('plastic bag', 0.09470841559984518),",Environment
,,
"  ('塑膠', 0.0700201854268308),","    ('plastic', 0.0700201854268308),",
,,
"  ('吸管', 0.06626716419251522),","    ('straw', 0.06626716419251522),",
,,
"  ('回收', 0.04917215816907154),","    ('recycle', 0.04917215816907154),",
,,
"  ('垃圾', 0.04185898205440464),","    ('garbage', 0.04185898205440464),",
,,
"  ('紙杯', 0.03421058868395343),","    ('paper cup', 0.03421058868395343),",
,,
"  ('一次性', 0.03277637442303585),","    ('one-time', 0.03277637442303585),",
,,
"  ('環保', 0.03272409307171596),","    ('environment', 0.03272409307171596),",
,,
"  ('環保袋', 0.03177348891380775),","    ('eco-bag', 0.03177348891380775),",
,,
"  ('消費者', 0.02567912883485921),","    ('consumer', 0.02567912883485921),",
,,
"  ('袋子', 0.022926666018351024),","    ('bag', 0.022926666018351024),",
,,
"  ('膠袋', 0.02253645596271632),","    ('plastic bag', 0.02253645596271632),",
,,
"  ('減少', 0.02152853739213811),","    ('reduce', 0.02152853739213811),",
,,
"  ('包裝', 0.021242826815249704),","    ('packaging', 0.021242826815249704),",
,,
"  ('環保捐', 0.016869417234400982),","    ('green donation', 0.016869417234400982),",
,,
"  ('污染', 0.016700007017188087),","    ('pollution', 0.016700007017188087),",
,,
"  ('容器', 0.01653253680965234),","    ('container', 0.01653253680965234),",
,,
"  ('汙染', 0.01633561522179947),","    ('pollution', 0.01633561522179947),",
,,
"  ('提袋', 0.015829346272467584),","    ('carry bag', 0.015829346272467584),",
,,
"  ('資源', 0.015236051854709595)],","    ('resources', 0.015236051854709595)],",
,,
,,
,,
" 31: [('節目', 0.06215439390289682),","[('program', 0.06215439390289682),","Media and communication, Telecommunications"
,,
"  ('電視', 0.06073911243141768),","    ('TV', 0.06073911243141768),",
,,
"  ('媒體', 0.049808321893302615),","    ('media', 0.049808321893302615),",
,,
"  ('頻道', 0.04601185355637794),","    ('channel', 0.04601185355637794),",
,,
"  ('新聞', 0.040355461719901516),","    ('news', 0.040355461719901516),",
,,
"  ('網路', 0.032851375815652804),","    ('network', 0.032851375815652804),",
,,
"  ('假新聞', 0.030927218509731378),","    ('fake news', 0.030927218509731378),",
,,
"  ('萬安演習', 0.028128004687443118),","    ('Wan An Exercise', 0.028128004687443118),",
,,
"  ('言論', 0.027931803512388057),","    ('speech', 0.027931803512388057),",
,,
"  ('報導', 0.02282371715031907),","    ('report', 0.02282371715031907),",
,,
"  ('冠名', 0.019909482737032205),","    ('title', 0.019909482737032205),",
,,
"  ('收看', 0.019160512527304857),","    ('watch', 0.019160512527304857),",
,,
"  ('謠言', 0.018450606524481012),","    ('rumors', 0.018450606524481012),",
,,
"  ('網站', 0.016568941771410828),","    ('website', 0.016568941771410828),",
,,
"  ('新聞台', 0.01570992092030387),","    ('news channel', 0.01570992092030387),",
,,
"  ('電視法', 0.014854212214756827),","    ('broadcasting laws ', 0.014854212214756827),",
,,
"  ('記者', 0.014774378344402622),","    ('reporter', 0.014774378344402622),",
,,
"  ('提供', 0.013469827148367666),","    ('provide', 0.013469827148367666),",
,,
"  ('平台', 0.013367069345303403),","    ('platform', 0.013367069345303403),",
,,
"  ('廣播', 0.013230854295341711)],","    ('broadcast', 0.013230854295341711)],",
,,
,,
,,
" 32: [('駕照', 0.09028079595308647),","[('driving license', 0.09028079595308647),",Transport policy
,,
"  ('考照', 0.061600817666875946),","    ('exam license', 0.061600817666875946),",
,,
"  ('年齡', 0.0514481050469306),","    ('age', 0.0514481050469306),",
,,
"  ('無照', 0.03889978318139465),","    ('no photo', 0.03889978318139465),",
,,
"  ('駕駛', 0.032790715120879436),","    ('driving', 0.032790715120879436),",
,,
"  ('學生', 0.025474906373449),","    ('student', 0.025474906373449),",
,,
"  ('騎車', 0.02451529013034213),","    ('cycling', 0.02451529013034213),",
,,
"  ('考駕照', 0.022786847569037018),","    ('take the driving test', 0.022786847569037018),",
,,
"  ('路考', 0.021156434474838632),","    ('road test', 0.021156434474838632),",
,,
"  ('問題', 0.019731292774205694),","    ('問題', 0.019731292774205694),",
,,
"  ('方便', 0.01913782173682383),","    ('convenient', 0.01913782173682383),",
,,
"  ('打工', 0.018636332594733376),","    ('working part-time', 0.018636332594733376),",
,,
"  ('重考', 0.017972860690473),","    ('retake an exam', 0.017972860690473),",
,,
"  ('輕人', 0.01792205219974581),","    ('young people', 0.01792205219974581),",
,,
"  ('考取', 0.01706775426047152),","    ('pass an exam', 0.01706775426047152),",
,,
"  ('上路', 0.016221170516547555),","    ('hit the road', 0.016221170516547555),",
,,
"  ('需要', 0.016052069384401187),","    ('need', 0.016052069384401187),",
,,
"  ('技巧', 0.015184560978252779),","    ('skill', 0.015184560978252779),",
,,
"  ('運輸', 0.01455388802474298),","    ('transport', 0.01455388802474298),",
,,
"  ('取得', 0.014232937574638662)],","    ('obtain', 0.014232937574638662)],",
,,
,,
,,
" 33: [('平等', 0.09864931929177004),","[('equality', 0.09864931929177004),","Education policy, Social groups"
,,
"  ('教育', 0.0826829809359167),","    ('education', 0.0826829809359167),",
,,
"  ('教育法', 0.03303989249872524),","    ('education law', 0.03303989249872524),",
,,
"  ('蹲式', 0.0273784304983036),","    ('japanese-style toilet', 0.0273784304983036),",
,,
"  ('坐式', 0.025573781911471957),","    ('western-style toilet', 0.025573781911471957),",
,,
"  ('議題', 0.02343874318927862),","    ('issue', 0.02343874318927862),",
,,
"  ('別少數', 0.023166364267795357),","    ('minority', 0.023166364267795357),",
,,
"  ('學生', 0.021726010518680384),","    ('student', 0.021726010518680384),",
,,
"  ('同志', 0.020689800939131156),","    ('homosexual', 0.020689800939131156),",
,,
"  ('反同', 0.01969520747569546),","    ('homophobia', 0.01969520747569546),",
,,
"  ('家長', 0.018637497274948144),","    ('parent', 0.018637497274948144),",
,,
"  ('兩性', 0.01702770409183046),","    ('bisexuality', 0.01702770409183046),",
,,
"  ('意識', 0.01592338117926199),","    ('awareness', 0.01592338117926199),",
,,
"  ('公共', 0.015589212668292494),","    ('public', 0.015589212668292494),",
,,
"  ('委員會', 0.01448076493213417),","    ('committee', 0.01448076493213417),",
,,
"  ('異性', 0.014027466572062075),","    ('opposite sex', 0.014027466572062075),",
,,
"  ('友善', 0.013625362292581536),","    ('friendly', 0.013625362292581536),",
,,
"  ('人權', 0.012779636676183344),","    ('human rights', 0.012779636676183344),",
,,
"  ('教育部', 0.012521785137674124),","    ('ministry of education', 0.012521785137674124),",
,,
"  ('重要', 0.012465880727904869)],","    ('important', 0.012465880727904869)],",
,,
,,
,,
" 34: [('國民年', 0.09006384091168991),","[('national pension', 0.09006384091168991),","Public expenditure, Employment"
,,
"  ('保險', 0.0635084379088778),","    ('insurance', 0.0635084379088778),",
,,
"  ('勞保', 0.052060034934148104),","    ('labor insurance', 0.052060034934148104),",
,,
"  ('退休', 0.043552362835208476),","    ('retirement', 0.043552362835208476),",
,,
"  ('給付', 0.04146214322339667),","    ('pay', 0.04146214322339667),",
,,
"  ('勞工', 0.03854912347902658),","    ('labor', 0.03854912347902658),",
,,
"  ('公教', 0.0338249890228912),","    ('public education', 0.0338249890228912),",
,,
"  ('失業', 0.027095862600097127),","    ('unemployment', 0.027095862600097127),",
,,
"  ('金保險', 0.02649783433057239),","    ('gold Insurance', 0.02649783433057239),",
,,
"  ('配偶', 0.02573413924690668),","    ('spouse', 0.02573413924690668),",
,,
"  ('退休金', 0.02465129987412833),","    ('pension', 0.02465129987412833),",
,,
"  ('投保', 0.023254096758449472),","    ('insured', 0.023254096758449472),",
,,
"  ('身心', 0.022148726472326553),","    ('body and soul', 0.022148726472326553),",
,,
"  ('工作', 0.0207499608224523),","    ('work', 0.0207499608224523),",
,,
"  ('基金', 0.02035923211053272),","    ('fund', 0.02035923211053272),",
,,
"  ('保險法', 0.01891534724510119),","    ('insurance law', 0.01891534724510119),",
,,
"  ('單給', 0.0182648035127197),","    ('give', 0.0182648035127197),",
,,
"  ('勞退', 0.018155374729525744),","    ('retirement', 0.018155374729525744),",
,,
"  ('勞保局', 0.018095588993751754),","    ('labor insurance bureau', 0.018095588993751754),",
,,
"  ('寄帳', 0.01803377430066625)],","    ('send an account', 0.01803377430066625)],",
,,
,,
,,
" 35: [('幼兒', 0.04293599185735885),","[('child', 0.04293599185735885),","Social groups, Social security"
,,
"  ('照護', 0.04292311359571409),","    ('care', 0.04292311359571409),",
,,
"  ('托育', 0.041515006801906),","    ('childcare', 0.041515006801906),",
,,
"  ('家庭', 0.040263490277309216),","    ('family', 0.040263490277309216),",
,,
"  ('幼兒園', 0.032119972237157894),","    ('kindergarten', 0.032119972237157894),",
,,
"  ('家長', 0.02727058423329156),","    ('head of the family', 0.02727058423329156),",
,,
"  ('小孩', 0.02592761976246497),","    ('child', 0.02592761976246497),",
,,
"  ('托嬰', 0.025876910876617393),","    ('look after a baby', 0.025876910876617393),",
,,
"  ('補助', 0.025791911453823927),","    ('help', 0.025791911453823927),",
,,
"  ('幼稚', 0.025334853326046257),","    ('child', 0.025334853326046257),",
,,
"  ('嬰幼兒', 0.022998944301312604),","    ('newborn baby', 0.022998944301312604),",
,,
"  ('兒童', 0.017789790293579515),","    ('children', 0.017789790293579515),",
,,
"  ('中心', 0.01773041101547482),","    ('center', 0.01773041101547482),",
,,
"  ('照顧', 0.015676474898758255),","    ('take care', 0.015676474898758255),",
,,
"  ('事件', 0.015087642885100878),","    ('incident', 0.015087642885100878),",
,,
"  ('新生', 0.014897090706480019),","    ('freshman', 0.014897090706480019),",
,,
"  ('負擔', 0.014734135505976596),","    ('burden', 0.014734135505976596),",
,,
"  ('業者', 0.014533682384998168),","    ('owner', 0.014533682384998168),",
,,
"  ('保母', 0.01415319649311545),","    ('babysitter', 0.01415319649311545),",
,,
"  ('機構', 0.013771819080566253)],","    ('organization', 0.013771819080566253)],",
,,
,,
,,
" 36: [('申報', 0.051552143585237596),","[('declare', 0.051552143585237596),",Taxation
,,
"  ('繳稅', 0.05076245272603544),","    ('pay tax', 0.05076245272603544),",
,,
"  ('扣除', 0.04338705437517137),","    ('deduct', 0.04338705437517137),",
,,
"  ('稅法', 0.04065491353001998),","    ('tax law', 0.04065491353001998),",
,,
"  ('滯納金', 0.0268692055176737),","    ('penalty fee', 0.0268692055176737),",
,,
"  ('公教', 0.02596269173454394),","    ('public education', 0.02596269173454394),",
,,
"  ('基金', 0.022919485692193518),","    ('fund', 0.022919485692193518),",
,,
"  ('退撫', 0.022454439600671353),","    ('fudging', 0.022454439600671353),",
,,
"  ('稅收', 0.02100049055566692),","    ('tax revenue', 0.02100049055566692),",
,,
"  ('徵收', 0.02024474874018956),","    ('levy', 0.02024474874018956),",
,,
"  ('租稅', 0.019275517558862913),","    ('tax on rent', 0.019275517558862913),",
,,
"  ('納稅', 0.018992303453255286),","    ('pay the tax', 0.018992303453255286),",
,,
"  ('提撥', 0.018920627239940556),","    ('remind', 0.018920627239940556),",
,,
"  ('稅率', 0.018823722647209943),","    ('tax rate', 0.018823722647209943),",
,,
"  ('營業稅', 0.018817228227747868),","    ('sales tax', 0.018817228227747868),",
,,
"  ('稅額', 0.0185119914629622),","    ('tax amount', 0.0185119914629622),",
,,
"  ('支出', 0.01846191301307696),","    ('expenditures', 0.01846191301307696),",
,,
"  ('人員', 0.018199725004395734),","    ('staff member', 0.018199725004395734),",
,,
"  ('稅時', 0.017004769379760306),","    ('tax time', 0.017004769379760306),",
,,
"  ('綜所稅', 0.016866077864005048)],","    ('consolidated tax', 0.016866077864005048)],",
,,
,,
,,
" 37: [('運動', 0.08307934674479339),","[('sport', 0.08307934674479339),",Sport
,,
"  ('棒球', 0.04979581974376772),","    ('baseball', 0.04979581974376772),",
,,
"  ('遊戲', 0.049073348683538846),","    ('game', 0.049073348683538846),",
,,
"  ('博弈', 0.042592524362896456),","    ('gaming', 0.042592524362896456),",
,,
"  ('選手', 0.04218502472446871),","    ('athlete', 0.04218502472446871),",
,,
"  ('泳池', 0.032510427982393744),","    ('pool', 0.032510427982393744),",
,,
"  ('賭博', 0.023581747208642978),","    ('gambling', 0.023581747208642978),",
,,
"  ('股票', 0.022047245360440962),","    ('stock', 0.022047245360440962),",
,,
"  ('競賽', 0.02109338477344573),","    ('race', 0.02109338477344573),",
,,
"  ('防護員', 0.01791412228132837),","    ('protector', 0.01791412228132837),",
,,
"  ('網路', 0.01765493072968485),","    ('network', 0.01765493072968485),",
,,
"  ('票券', 0.01740186725423655),","    ('ticket', 0.01740186725423655),",
,,
"  ('體育', 0.015896890985736826),","    ('physical education', 0.015896890985736826),",
,,
"  ('提升', 0.015427280364561464),","    ('raise', 0.015427280364561464),",
,,
"  ('娛樂型', 0.01529206019812989),","    ('entertainment type', 0.01529206019812989),",
,,
"  ('圈購', 0.01529206019812989),","    ('purchase', 0.01529206019812989),",
,,
"  ('管理局', 0.014143393057335347),","    ('authority', 0.014143393057335347),",
,,
"  ('轉賣', 0.014119769282888328),","    ('resale', 0.014119769282888328),",
,,
"  ('運動員', 0.014119769282888328),","    ('athletes', 0.014119769282888328),",
,,
"  ('協會', 0.01298778450913371)],","    ('association', 0.01298778450913371)],",
,,
,,
,,
" 38: [('毒品', 0.2532598375741054),","[('drugs', 0.2532598375741054),","Public security, Legal system"
,,
"  ('徒刑', 0.0510972823316863),","    ('prison sentence', 0.0510972823316863),",
,,
"  ('死刑', 0.0436755516338822),","    ('death penalty', 0.0436755516338822),",
,,
"  ('刑責', 0.04314095366425134),","    ('criminal liability', 0.04314095366425134),",
,,
"  ('販毒', 0.04135373341244009),","    ('selling drug', 0.04135373341244009),",
,,
"  ('監獄', 0.02950623798483267),","    ('prison', 0.02950623798483267),",
,,
"  ('運毒', 0.027108948053166965),","    ('run poison', 0.027108948053166965),",
,,
"  ('二級', 0.026979553485694033),","    ('level 2', 0.026979553485694033),",
,,
"  ('無期', 0.025835188227410454),","    ('indefinite', 0.025835188227410454),",
,,
"  ('吸毒者', 0.02408044908860463),","    ('drug user', 0.02408044908860463),",
,,
"  ('加重', 0.024075649663413693),","    ('aggravate', 0.024075649663413693),",
,,
"  ('吸食', 0.0218168767493104),","    ('smoke', 0.0218168767493104),",
,,
"  ('三級', 0.020686981560524925),","    ('level 3', 0.020686981560524925),",
,,
"  ('我國', 0.02048783682013641),","    ('our country', 0.02048783682013641),",
,,
"  ('刑罰', 0.020420930826909336),","    ('penalty', 0.020420930826909336),",
,,
"  ('專責緝毒', 0.018414428318918402),","    ('responsibility in the fight agains drug', 0.018414428318918402),",
,,
"  ('毒蟲', 0.017893673240005428),","    ('drug user', 0.017893673240005428),",
,,
"  ('吸食毒品', 0.017468185359506117),","    ('do drugs', 0.017468185359506117),",
,,
"  ('大麻', 0.01646032409780529),","    ('cannabis', 0.01646032409780529),",
,,
"  ('有期徒刑', 0.016372888656354546)],","    ('imprisonment', 0.016372888656354546)],",
,,
,,
,,
" 39: [('停靠', 0.04383406171750036),","[('dock', 0.04383406171750036),",Transport policy
,,
"  ('乘客', 0.041200912215280786),","    ('passenger', 0.041200912215280786),",
,,
"  ('扶梯', 0.04045360645895464),","    ('staircase with a handrail', 0.04045360645895464),",
,,
"  ('無障礙', 0.036211147739949115),","    ('no obstacle', 0.036211147739949115),",
,,
"  ('搭乘', 0.03609209196632704),","    ('ride', 0.03609209196632704),",
,,
"  ('運輸', 0.030311650185442945),","    ('transport', 0.030311650185442945),",
,,
"  ('電梯', 0.030100748614847135),","    ('elevator', 0.030100748614847135),",
,,
"  ('司機', 0.02608608943484636),","    ('driver', 0.02608608943484636),",
,,
"  ('公共', 0.023394095668248457),","    ('public', 0.023394095668248457),",
,,
"  ('資訊', 0.022888330007234226),","    ('information', 0.022888330007234226),",
,,
"  ('扶手', 0.020730230908020262),","    ('handrail', 0.020730230908020262),",
,,
"  ('方便', 0.01972246757473785),","    ('convenience', 0.01972246757473785),",
,,
"  ('設備', 0.019435987565626863),","    ('equipment', 0.019435987565626863),",
,,
"  ('乘車鈴', 0.01925524606565125),","    ('ride signal', 0.01925524606565125),",
,,
"  ('站牌', 0.019083188096263144),","    ('stop sign', 0.019083188096263144),",
,,
"  ('輪椅', 0.018507431481207266),","    ('wheelchair', 0.018507431481207266),",
,,
"  ('多語', 0.018074925550217457),","    ('multilingual', 0.018074925550217457),",
,,
"  ('人潮', 0.017074713158610352),","    ('crowd', 0.017074713158610352),",
,,
"  ('顯示器', 0.01633422444383889),","    ('monitor', 0.01633422444383889),",
,,
"  ('每輛', 0.015404196852520998)],","    ('per unit', 0.015404196852520998)],",
,,
,,
,,
" 40: [('生育', 0.09867760649886322),","[('fertility', 0.09867760649886322),","Health, Social groups"
,,
"  ('生殖', 0.05302307986435645),","    ('reproduction', 0.05302307986435645),",
,,
"  ('生育率', 0.042966298636360284),","    ('fertility rate', 0.042966298636360284),",
,,
"  ('夫妻', 0.042767374295315935),","    ('spouse', 0.042767374295315935),",
,,
"  ('單身', 0.04092043887954758),","    ('single', 0.04092043887954758),",
,,
"  ('孕母', 0.039758321443976195),","    ('pregnant woman', 0.039758321443976195),",
,,
"  ('家庭', 0.03922323567898803),","    ('family', 0.03922323567898803),",
,,
"  ('男女', 0.03639896826583814),","    ('male and female', 0.03639896826583814),",
,,
"  ('鼓勵', 0.029333037141625114),","    ('encourage', 0.029333037141625114),",
,,
"  ('第二胎', 0.029259968749546266),","    ('second child', 0.029259968749546266),",
,,
"  ('產婦', 0.026686896192289422),","    ('parturient', 0.026686896192289422),",
,,
"  ('代理', 0.0263987876316022),","    ('represent the interests', 0.0263987876316022),",
,,
"  ('高齡', 0.024773360780442715),","    ('old age', 0.024773360780442715),",
,,
"  ('人工受孕', 0.02476132841288073),","    ('artificial insemination', 0.02476132841288073),",
,,
"  ('試管', 0.024289523350587764),","    ('trial tube', 0.024289523350587764),",
,,
"  ('提高', 0.02397453928292759),","    ('raise', 0.02397453928292759),",
,,
"  ('第三胎', 0.022989639988152597),","    ('third child', 0.022989639988152597),",
,,
"  ('給付', 0.019530789128994867),","    ('pay', 0.019530789128994867),",
,,
"  ('不孕', 0.019446786293230843),","    ('infertility', 0.019446786293230843),",
,,
"  ('問題', 0.018378008338083784)],","    ('problem', 0.018378008338083784)],",
,,
,,
,,
" 41: [('垃圾', 0.23915175515139614),","[('garbage', 0.23915175515139614),",Environment
,,
"  ('回收', 0.07803720009928819),","    ('recycle', 0.07803720009928819),",
,,
"  ('廢棄物', 0.05208019484344615),","    ('waste', 0.05208019484344615),",
,,
"  ('環境', 0.04481618660556241),","    ('environment', 0.04481618660556241),",
,,
"  ('處理', 0.028409559569401117),","    ('deal with', 0.028409559569401117),",
,,
"  ('衛生', 0.027206096055646396),","    ('hygiene', 0.027206096055646396),",
,,
"  ('棄置', 0.02420407844970029),","    ('disposal', 0.02420407844970029),",
,,
"  ('落地', 0.021717155838185793),","    ('landing', 0.021717155838185793),",
,,
"  ('可回收', 0.021143365330918155),","    ('recyclable', 0.021143365330918155),",
,,
"  ('資源', 0.01934393561854198),","    ('resources', 0.01934393561854198),",
,,
"  ('塑膠', 0.017023164819164688),","    ('plastic', 0.017023164819164688),",
,,
"  ('汙染', 0.015554969168837848),","    ('pollution', 0.015554969168837848),",
,,
"  ('政府', 0.01458992676296353),","    ('government', 0.01458992676296353),",
,,
"  ('風景區', 0.013446710249833495),","    ('landscape', 0.013446710249833495),",
,,
"  ('丟棄', 0.01333631012653172),","    ('discard', 0.01333631012653172),",
,,
"  ('民眾', 0.01233211012842183),","    ('civil', 0.01233211012842183),",
,,
"  ('紙類', 0.01201575184323304),","    ('paper', 0.01201575184323304),",
,,
"  ('減少', 0.011595808044422243),","    ('reduce', 0.011595808044422243),",
,,
"  ('習慣', 0.011437429118023605),","    ('habit', 0.011437429118023605),",
,,
"  ('成本', 0.011384361925147654)],","    ('cost', 0.011384361925147654)],",
,,
,,
,,
" 42: [('噪音', 0.09782126950530956),","[('noise', 0.09782126950530956),","Road transport, Environment"
,,
"  ('空氣', 0.04296759773263667),","    ('air', 0.04296759773263667),",
,,
"  ('排放', 0.039899000644721995),","    ('emissions', 0.039899000644721995),",
,,
"  ('汽機車', 0.034704007657714496),","    ('motorcycle', 0.034704007657714496),",
,,
"  ('汙染', 0.030760099971967797),","    ('pollution', 0.030760099971967797),",
,,
"  ('火車', 0.030434547393374735),","    ('train', 0.030434547393374735),",
,,
"  ('柴油', 0.029838341041877478),","    ('diesel fuel', 0.029838341041877478),",
,,
"  ('二行程', 0.029160374290726255),","    ('two-stroke', 0.029160374290726255),",
,,
"  ('降低', 0.026613582248000013),","    ('lower', 0.026613582248000013),",
,,
"  ('熄火', 0.025482547627138506),","    ('flameout', 0.025482547627138506),",
,,
"  ('排氣管', 0.024990417951694002),","    ('exhaust pipe', 0.024990417951694002),",
,,
"  ('車輛', 0.02440626750188951),","    ('vehicle', 0.02440626750188951),",
,,
"  ('品質', 0.023679346483413785),","    ('quality', 0.023679346483413785),",
,,
"  ('路上', 0.017965204848265123),","    ('road', 0.017965204848265123),",
,,
"  ('噪音管制', 0.017374924388459542),","    ('noise control', 0.017374924388459542),",
,,
"  ('燃油', 0.01736031882466018),","    ('fuel', 0.01736031882466018),",
,,
"  ('汽油', 0.016988365084759),","    ('gasoline', 0.016988365084759),",
,,
"  ('引擎', 0.015057592994062775),","    ('engine', 0.015057592994062775),",
,,
"  ('紅燈', 0.014065375597858778),","    ('red light', 0.014065375597858778),",
,,
"  ('環保', 0.014065375597858778)],","    ('environmental', 0.014065375597858778)],",
,,
,,
,,
" 43: [('違建', 0.07772493187099559),","[('illegal construction', 0.07772493187099559),","Legal system, Public expenditure"
,,
"  ('建築', 0.06589347457128718),","    ('build', 0.06589347457128718),",
,,
"  ('違章', 0.06190332214155449),","    ('break the rules', 0.06190332214155449),",
,,
"  ('拆除', 0.061609299861512715),","    ('demolish', 0.061609299861512715),",
,,
"  ('建物', 0.054677648401154105),","    ('building', 0.054677648401154105),",
,,
"  ('老舊', 0.038900514333545536),","    ('outdated', 0.038900514333545536),",
,,
"  ('房屋', 0.03570372716566601),","    ('construction', 0.03570372716566601),",
,,
"  ('公寓', 0.03265449352943387),","    ('apartments', 0.03265449352943387),",
,,
"  ('所有人', 0.03230951950977288),","    ('all people', 0.03230951950977288),",
,,
"  ('土地', 0.030575331836105682),","    ('land', 0.030575331836105682),",
,,
"  ('都市', 0.028251085159768843),","    ('city', 0.028251085159768843),",
,,
"  ('交易', 0.026077924762863545),","    ('transaction', 0.026077924762863545),",
,,
"  ('頂樓', 0.02606264939725404),","    ('top floor', 0.02606264939725404),",
,,
"  ('市容', 0.025971137065273313),","    ('appearance of the city', 0.025971137065273313),",
,,
"  ('居住', 0.023679905395047888),","    ('residence', 0.023679905395047888),",
,,
"  ('大廈', 0.02269121765063835),","    ('building', 0.02269121765063835),",
,,
"  ('建築物', 0.018722082335369435),","    ('buildings', 0.018722082335369435),",
,,
"  ('透天', 0.017446161455002974),","    ('see the sky', 0.017446161455002974),",
,,
"  ('產權', 0.017186524895964467),","    ('ownership', 0.017186524895964467),",
,,
"  ('補強', 0.016028309939715733)],","    ('reinforcing', 0.016028309939715733)],",
,,
,,
,,
" 44: [('電動', 0.12650173157032238),","[('electric', 0.12650173157032238),","Road transport, Legal system"
,,
"  ('自行', 0.1261605669751591),","    ('automate', 0.1261605669751591),",
,,
"  ('腳踏車', 0.05917678826125931),","    ('bicycle', 0.05917678826125931),",
,,
"  ('摩托', 0.049249953888293764),","    ('moto', 0.049249953888293764),",
,,
"  ('上路', 0.03647003098977048),","    ('hit the road', 0.03647003098977048),",
,,
"  ('駕照', 0.033987041587478194),","    ('driving license', 0.033987041587478194),",
,,
"  ('車道', 0.031140998402956626),","    ('lane', 0.031140998402956626),",
,,
"  ('車牌', 0.029274534082906638),","    ('license plate', 0.029274534082906638),",
,,
"  ('工具', 0.02732288172572802),","    ('tools', 0.02732288172572802),",
,,
"  ('電動車', 0.026555627031434128),","    ('electric car', 0.026555627031434128),",
,,
"  ('踏車', 0.02635549459054349),","    ('pedal', 0.02635549459054349),",
,,
"  ('移工', 0.02547402414026672),","    ('foreign workers', 0.02547402414026672),",
,,
"  ('牌照', 0.025143721531353008),","    ('license', 0.025143721531353008),",
,,
"  ('騎乘', 0.024384389539949484),","    ('ride', 0.024384389539949484),",
,,
"  ('兩輪', 0.023735536481392108),","    ('two wheel', 0.023735536481392108),",
,,
"  ('外籍', 0.02365814759997644),","    ('foreign citizenship', 0.02365814759997644),",
,,
"  ('代步', 0.023073163330026604),","    ('means of transportation', 0.023073163330026604),",
,,
"  ('滑板', 0.02121050864907432),","    ('skateboard', 0.02121050864907432),",
,,
"  ('安全帽', 0.02002234415102335),","    ('helmet', 0.02002234415102335),",
,,
"  ('車愛好', 0.017902626283962646)],","    ('car-lovers', 0.017902626283962646)],",
,,
,,
,,
" 45: [('熱紙', 0.08043172620691232),","[('hot paper', 0.08043172620691232),",Environment
,,
"  ('遠光燈', 0.04618298764895567),","    ('high beam headlamp', 0.04618298764895567),",
,,
"  ('亮度', 0.04611000444463042),","    ('brightness', 0.04611000444463042),",
,,
"  ('玻璃', 0.04356319387438599),","    ('glass', 0.04356319387438599),",
,,
"  ('前方', 0.041470207822502075),","    ('ahead', 0.041470207822502075),",
,,
"  ('照射', 0.038485823040796396),","    ('radiation', 0.038485823040796396),",
,,
"  ('燈泡', 0.03806089200780487),","    ('lightbulb', 0.03806089200780487),",
,,
"  ('視線', 0.034644243050710906),","    ('view', 0.034644243050710906),",
,,
"  ('放電式', 0.03301575850503023),","    ('dischargeable', 0.03301575850503023),",
,,
"  ('光燈', 0.03247546935064316),","    ('light', 0.03247546935064316),",
,,
"  ('電視牆', 0.03247546935064316),","    ('TV wall', 0.03247546935064316),",
,,
"  ('反射', 0.031554961573293835),","    ('reflection', 0.031554961573293835),",
,,
"  ('燈具', 0.02955808968678996),","    ('lighting', 0.02955808968678996),",
,,
"  ('開遠', 0.029424751850371442),","    ('go far', 0.029424751850371442),",
,,
"  ('透光度', 0.029424751850371442),","    ('transmittance', 0.029424751850371442),",
,,
"  ('點燈', 0.027993143703828365),","    ('light up', 0.027993143703828365),",
,,
"  ('隔熱紙', 0.025751550779409535),","    ('sheathing paper', 0.025751550779409535),",
,,
"  ('陽光', 0.025633908236904725),","    ('sunshine', 0.025633908236904725),",
,,
"  ('透光率', 0.021982336534811717),","    ('transmittance', 0.021982336534811717),",
,,
"  ('夜間', 0.020240477487531064)],","    ('nighttime', 0.020240477487531064)],",
,,
,,
,,
" 46: [('警察', 0.1633230033613399),","[('police', 0.1633230033613399),","Public security, Citizen's rights"
,,
"  ('嫌犯', 0.06314821825115276),","    ('suspect', 0.06314821825115276),",
,,
"  ('警務人員', 0.05178389636166318),","    ('police officer', 0.05178389636166318),",
,,
"  ('執勤', 0.042377609269082996),","    ('serve', 0.042377609269082996),",
,,
"  ('開槍', 0.037880718577107717),","    ('shoot', 0.037880718577107717),",
,,
"  ('警械', 0.03639672816390506),","    ('equipment of the police officers', 0.03639672816390506),",
,,
"  ('勤務', 0.030311833795332054),","    ('responsibility', 0.030311833795332054),",
,,
"  ('執法', 0.02905072232671057),","    ('enforce laws', 0.02905072232671057),",
,,
"  ('警方', 0.02784655447322402),","    ('police', 0.02784655447322402),",
,,
"  ('配槍', 0.02348246398243226),","    ('service weapon', 0.02348246398243226),",
,,
"  ('犯人', 0.01978343270745546),","    ('criminal', 0.01978343270745546),",
,,
"  ('警用', 0.01937064224621902),","    ('used by the police', 0.01937064224621902),",
,,
"  ('臨檢', 0.018275434102770525),","    ('inspection', 0.018275434102770525),",
,,
"  ('無須', 0.017867289502438738),","    ('no need', 0.017867289502438738),",
,,
"  ('電擊槍', 0.01730984933645164),","    ('rubber bullet weapons', 0.01730984933645164),",
,,
"  ('槍械', 0.01643104749587393),","    ('firearms', 0.01643104749587393),",
,,
"  ('電擊', 0.016142201871849185),","    ('electroshock', 0.016142201871849185),",
,,
"  ('秩序', 0.015729652221509544),","    ('order', 0.015729652221509544),",
,,
"  ('槍枝', 0.015207918356548214),","    ('gun', 0.015207918356548214),",
,,
"  ('保衛家園', 0.015181495978175153)],","    ('defending own home', 0.015181495978175153)],",
,,
,,
,,
" 47: [('國籍', 0.07592565210694383),","[('nationality', 0.07592565210694383),","National identity, Social groups"
,,
"  ('中華民國', 0.07100440599775569),","    ('R.O.C.(Republic of China)', 0.07100440599775569),",
,,
"  ('共和', 0.045414092626857),","    ('republic', 0.045414092626857),",
,,
"  ('結婚', 0.03960145917861865),","    ('marry', 0.03960145917861865),",
,,
"  ('中華', 0.0388625116540636),","    ('Chinese', 0.0388625116540636),",
,,
"  ('戶籍', 0.03549037168512428),","    ('place of registration', 0.03549037168512428),",
,,
"  ('國國籍', 0.03221684786548445),","    ('nationality', 0.03221684786548445),",
,,
"  ('戶口', 0.03166809441510978),","    ('residents', 0.03166809441510978),",
,,
"  ('配偶', 0.02756575709290736),","    ('spouse', 0.02756575709290736),",
,,
"  ('持有', 0.027446988306656088),","    ('hold', 0.027446988306656088),",
,,
"  ('登記', 0.027089482582766024),","    ('registration', 0.027089482582766024),",
,,
"  ('名簿', 0.026155737692104386),","    ('namebook', 0.026155737692104386),",
,,
"  ('離婚', 0.02463074010064094),","    ('divorce', 0.02463074010064094),",
,,
"  ('狀態', 0.02173864493945921),","    ('status', 0.02173864493945921),",
,,
"  ('外籍', 0.02135289123827225),","    ('foreign citizenship', 0.02135289123827225),",
,,
"  ('柬埔寨', 0.02085030360273354),","    ('Cambodia', 0.02085030360273354),",
,,
"  ('我國國籍', 0.02013552991592778),","    ('our nationality', 0.02013552991592778),",
,,
"  ('享有', 0.01969564052513428),","    ('enjoy', 0.01969564052513428),",
,,
"  ('身分', 0.019064423093113358),","    ('identity', 0.019064423093113358),",
,,
"  ('甲國', 0.01795354387862693)],","    ('a country', 0.01795354387862693)],",
,,
,,
,,
" 48: [('超跑', 0.07939453619646258),","[('supercar', 0.07939453619646258),","Transport policy, Legal system"
,,
"  ('賠償', 0.06868316593176996),","    ('compensation', 0.06868316593176996),",
,,
"  ('保險', 0.055516448818600656),","    ('insurance', 0.055516448818600656),",
,,
"  ('投保', 0.03136284401665544),","    ('insured', 0.03136284401665544),",
,,
"  ('名車', 0.030792218545112156),","    ('famous cars', 0.030792218545112156),",
,,
"  ('任險', 0.030402731629312563),","    ('any risk', 0.030402731629312563),",
,,
"  ('強制險', 0.029114987347970658),","    ('mandatory', 0.029114987347970658),",
,,
"  ('金額', 0.02768676557352485),","    ('amount of money', 0.02768676557352485),",
,,
"  ('事故', 0.024486615873181503),","    ('incident', 0.024486615873181503),",
,,
"  ('高價車', 0.02255239367890606),","    ('expensive car', 0.02255239367890606),",
,,
"  ('車輛', 0.021485989338298823),","    ('vehicle', 0.021485989338298823),",
,,
"  ('萬元', 0.02030282186472637),","    ('million', 0.02030282186472637),",
,,
"  ('交通事故', 0.019096873776545082),","    ('traffic accident', 0.019096873776545082),",
,,
"  ('意外', 0.018807981560172785),","    ('coincidence', 0.018807981560172785),",
,,
"  ('鑑定', 0.01874243734267458),","    ('Identification', 0.01874243734267458),",
,,
"  ('碰撞', 0.018018627841594387),","    ('collision', 0.018018627841594387),",
,,
"  ('車主', 0.017759673347323604),","    ('car owner', 0.017759673347323604),",
,,
"  ('理賠', 0.017468992408782396),","    ('delivery of promised compensation', 0.017468992408782396),",
,,
"  ('鋁錠', 0.01716078554910995),","    ('aluminum ingot', 0.01716078554910995),",
,,
"  ('超額', 0.017152654801827028)],","    ('exceeding', 0.017152654801827028)],",
,,
,,
,,
" 49: [('消防人', 0.06524832933278242),","[('fireman', 0.06524832933278242),",Public security 
,,
"  ('設備', 0.0315980276890281),","    ('equipment', 0.0315980276890281),",
,,
"  ('中央', 0.025008360480985453),","    ('central', 0.025008360480985453),",
,,
"  ('警器', 0.02444785223695712),","    ('police equipment', 0.02444785223695712),",
,,
"  ('機關', 0.02398855026370461),","    ('institution', 0.02398855026370461),",
,,
"  ('捕蜂', 0.023944366075300316),","    ('catch the bee', 0.023944366075300316),",
,,
"  ('海巡', 0.022652534947854415),","    ('sea patrol', 0.022652534947854415),",
,,
"  ('救難', 0.022468094576956088),","    ('save the refugee', 0.022468094576956088),",
,,
"  ('軍警消', 0.02218389846267314),","    ('military police fire departments', 0.02218389846267314),",
,,
"  ('救生', 0.020373210197464266),","    ('save life', 0.020373210197464266),",
,,
"  ('警消', 0.019535242340028625),","    ('police and fireman', 0.019535242340028625),",
,,
"  ('人員', 0.01892528962799792),","    ('stuff member', 0.01892528962799792),",
,,
"  ('二級', 0.018879812741349852),","    ('Level 2', 0.018879812741349852),",
,,
"  ('消防局', 0.018723412147463408),","    ('fire department', 0.018723412147463408),",
,,
"  ('深水', 0.017181453532186253),","    ('deepwater', 0.017181453532186253),",
,,
"  ('消人員', 0.016298568157971413),","    ('fireman', 0.016298568157971413),",
,,
"  ('協助', 0.01611726855799722),","    ('assist', 0.01611726855799722),",
,,
"  ('行政院', 0.016003301360464784),","    ('executive Yuan', 0.016003301360464784),",
,,
"  ('危險行', 0.015415682783756579),","    ('danger', 0.015415682783756579),",
,,
"  ('警察', 0.01540321738288086)]}","    ('police', 0.01540321738288086)]}",
